<options>
    <addon name="plugin.video.thecrew">
        <type>movie provider</type>
        <repo>repository.thecrew</repo>
        <dependencies>
        </dependencies>
    </addon>
    <addon name="plugin.video.fen">
        <type>movie provider</type>
        <repo>plugin.video.fen</repo>
        <dependencies>
            <dependency>script.module.cocoscrapers</dependency>
        </dependencies>
    </addon>
    <addon name="plugin.video.fenlight">
        <type>movie provider</type>
        <repo>plugin.video.fenlight</repo>
        <dependencies>
            <dependency>script.module.cocoscrapers</dependency>
        </dependencies>
    </addon>
    <addon name="script.module.cocoscrapers">
        <type>script</type>
        <repo>repository.cocoscrapers</repo>
        <dependencies>
            <dependency>script.module.cocoscrapers</dependency>
        </dependencies>
    </addon>
    <addon name="plugin.video.seren">
        <type>movie provider</type>
        <repo>repository.nixgates</repo>
        <dependencies>
        </dependencies>
    </addon>
    <addon name="plugin.video.otaku">
        <type>anime provider</type>
        <repo>repository.otaku</repo>
        <dependencies>
        </dependencies>
    </addon>
</options>