<addon id="script.preloader" name="[COLOR firebrick]Preloader[/COLOR]" version="3.6.9" provider-name="DutchGreen">
    <requires>
        <import addon="xbmc.gui" version="5.17.0" />
        <import addon="xbmc.python" version="3.0.0" />
        <import addon="xbmc.addon" version="12.0.0" />
        <import addon="script.module.six" />
        <import addon="script.module.requests" />
    </requires>
    <extension point="xbmc.python.script" library="default.py">
        <provides>executable</provides>
    </extension>
    <extension point="xbmc.addon.metadata">
        <summary lang="en_GB">Easily make a snapshot of Kodi and load it up from elsewhere.</summary>
        <description lang="en_GB">Too lazy to setup Kodi? Use a preset.</description>
        <disclaimer lang="en_GB"></disclaimer>
        <language>en</language>
        <platform>all</platform>
        <license>Apache 2.0</license>
        <forum></forum>
        <website>https://github.com/DutchSkiddie/script.preloader</website>
        <email></email>
        <source></source>
        <news>v3.6.9b (20/05/2024)
            [RE-PRE-RELEASE (official)] Unleashed; Google Drive support added.
            v3.6.9a (20/05/2024)
            [RE-PRE-RELEASE (unofficial)] Rewrote the entire thing, since it didn't fit the user conditions. Now allows for easier customization for the use of custom configurations.
            v3.2.1 (10/05/2024)
            [BETA] Everything in working condition, but a lot needs to be added, removed and rewritten.
            v1.0.0 (27/04/2024)
            [fix] Fixed and cleaned.
        </news>
        <assets>
            <icon>resources/media/icon.png</icon>
            <fanart>resources/media/fanart.png</fanart>
            <banner></banner>
            <clearlogo></clearlogo>
            <screenshot></screenshot>
        </assets>
    </extension>
</addon>