<?xml version="1.0" encoding="UTF-8" standalone="yes"?>
<addon id="repository.dutchgreen" name="DutchGreen's Repository" version="1.0" provider-name="DutchGreen">
    <extension point="xbmc.addon.repository" name="DutchGreen's Repository">
		<dir>
            <info compressed="false">https://raw.githubusercontent.com/DutchSkiddie/repository.dutchgreen/master/main/zips/addons.xml</info>
            <checksum>https://raw.githubusercontent.com/DutchSkiddie/repository.dutchgreen/master/main/zips/addons.xml.md5</checksum>
            <datadir zip="true">https://raw.githubusercontent.com/DutchSkiddie/repository.dutchgreen/master/main/zips/</datadir>
        </dir>
    </extension>
    <extension point="xbmc.addon.metadata">
        <summary>DutchGreen's Repository</summary>
        <description>A repository.</description>
        <disclaimer></disclaimer>
        <platform>all</platform>
        <assets>
            <icon>icon.png</icon>
            <fanart>fanart.png</fanart>
        </assets>
    </extension>
</addon>